insert into User (Username) values ('sgibling0');
insert into User (Username) values ('mbertelet1');
insert into User (Username) values ('lgealy2');
insert into User (Username) values ('scoskerry3');
insert into User (Username) values ('egeck4');
insert into User (Username) values ('bmccaskell5');
insert into User (Username) values ('gpevreal6');
insert into User (Username) values ('ustandring7');
insert into User (Username) values ('collcott8');
insert into User (Username) values ('fvido9');
insert into User (Username) values ('mcrickmera');
insert into User (Username) values ('istilingb');
insert into User (Username) values ('tmarsiec');
insert into User (Username) values ('ksteaned');
insert into User (Username) values ('dpolamontaynee');
insert into User (Username) values ('atuffinf');
insert into User (Username) values ('iharriotg');
insert into User (Username) values ('mgaugeh');
insert into User (Username) values ('brulteni');
insert into User (Username) values ('nmcauslanj');
insert into User (Username) values ('rarndtsenk');
insert into User (Username) values ('iluxmoorel');
insert into User (Username) values ('dpykem');
insert into User (Username) values ('bheintzen');
insert into User (Username) values ('bkleinhauso');
insert into User (Username) values ('ptorettap');
insert into User (Username) values ('ccunniffeq');
insert into User (Username) values ('mbartolomuccir');
insert into User (Username) values ('hmccolls');
insert into User (Username) values ('ejanut');
insert into User (Username) values ('tshurrocksu');
insert into User (Username) values ('cantalffyv');
insert into User (Username) values ('pfeldererw');
insert into User (Username) values ('asivex');
insert into User (Username) values ('dhurley');
insert into User (Username) values ('ccuerdaz');
insert into User (Username) values ('ecluley10');
insert into User (Username) values ('aokell11');
insert into User (Username) values ('kmewton12');
insert into User (Username) values ('lhurring13');
insert into User (Username) values ('cmcgruar14');
insert into User (Username) values ('pconstantine15');
insert into User (Username) values ('bakid16');
insert into User (Username) values ('kbiaggioni17');
insert into User (Username) values ('keskell18');
insert into User (Username) values ('cinger19');
insert into User (Username) values ('lmayhou1a');
insert into User (Username) values ('cneve1b');
insert into User (Username) values ('hwadham1c');
insert into User (Username) values ('bickovits1d');



insert into Blog (Username, BlogId) values ('sgibling0', 1);
insert into Blog (Username, BlogId) values ('mbertelet1', 2);
insert into Blog (Username, BlogId) values ('lgealy2', 3);
insert into Blog (Username, BlogId) values ('scoskerry3', 4);
insert into Blog (Username, BlogId) values ('egeck4', 5);
insert into Blog (Username, BlogId) values ('bmccaskell5', 6);
insert into Blog (Username, BlogId) values ('gpevreal6', 7);
insert into Blog (Username, BlogId) values ('ustandring7', 8);
insert into Blog (Username, BlogId) values ('collcott8', 9);
insert into Blog (Username, BlogId) values ('fvido9', 10);
insert into Blog (Username, BlogId) values ('mcrickmera', 11);
insert into Blog (Username, BlogId) values ('istilingb', 12);
insert into Blog (Username, BlogId) values ('tmarsiec', 13);
insert into Blog (Username, BlogId) values ('ksteaned', 14);
insert into Blog (Username, BlogId) values ('dpolamontaynee', 15);
insert into Blog (Username, BlogId) values ('atuffinf', 16);
insert into Blog (Username, BlogId) values ('iharriotg', 17);
insert into Blog (Username, BlogId) values ('mgaugeh', 18);
insert into Blog (Username, BlogId) values ('brulteni', 19);
insert into Blog (Username, BlogId) values ('nmcauslanj', 20);
insert into Blog (Username, BlogId) values ('rarndtsenk', 21);
insert into Blog (Username, BlogId) values ('iluxmoorel', 22);
insert into Blog (Username, BlogId) values ('dpykem', 23);
insert into Blog (Username, BlogId) values ('bheintzen', 24);
insert into Blog (Username, BlogId) values ('bkleinhauso', 25);
insert into Blog (Username, BlogId) values ('ptorettap', 26);
insert into Blog (Username, BlogId) values ('ccunniffeq', 27);
insert into Blog (Username, BlogId) values ('mbartolomuccir', 28);
insert into Blog (Username, BlogId) values ('hmccolls', 29);
insert into Blog (Username, BlogId) values ('ejanut', 30);
insert into Blog (Username, BlogId) values ('tshurrocksu', 31);
insert into Blog (Username, BlogId) values ('cantalffyv', 32);
insert into Blog (Username, BlogId) values ('pfeldererw', 33);
insert into Blog (Username, BlogId) values ('asivex', 34);
insert into Blog (Username, BlogId) values ('dhurley', 35);
insert into Blog (Username, BlogId) values ('ccuerdaz', 36);
insert into Blog (Username, BlogId) values ('ecluley10', 37);
insert into Blog (Username, BlogId) values ('aokell11', 38);
insert into Blog (Username, BlogId) values ('kmewton12', 39);
insert into Blog (Username, BlogId) values ('lhurring13', 40);
insert into Blog (Username, BlogId) values ('cmcgruar14', 41);
insert into Blog (Username, BlogId) values ('pconstantine15', 42);
insert into Blog (Username, BlogId) values ('bakid16', 43);
insert into Blog (Username, BlogId) values ('kbiaggioni17', 44);
insert into Blog (Username, BlogId) values ('keskell18', 45);
insert into Blog (Username, BlogId) values ('cinger19', 46);
insert into Blog (Username, BlogId) values ('lmayhou1a', 47);
insert into Blog (Username, BlogId) values ('cneve1b', 48);
insert into Blog (Username, BlogId) values ('hwadham1c', 49);
insert into Blog (Username, BlogId) values ('bickovits1d', 50);


insert into Post (Content, BlogId, Title) values ('sgibling0', 1, 'Chocolate chip cookies');
insert into Post (Content, BlogId, Title) values ('mbertelet1', 2 , 'Ice cream');
insert into Post (Content, BlogId, Title) values ('lgealy2', 3, 'Banana bread recipe');
insert into Post (Content, BlogId, Title) values ('scoskerry3', 4, 'Healthy smoothie ideas');
insert into Post (Content, BlogId, Title) values ('egeck4', 5, 'Vegetarian dinner recipes');
insert into Post (Content, BlogId, Title) values ('bmccaskell5', 6, 'How to make homemade pasta');
insert into Post (Content, BlogId, Title) values ('gpevreal6', 7, 'Quick breakfast ideas');
insert into Post (Content, BlogId, Title) values ('ustandring7', 8, 'Simple salad recipes');
insert into Post (Content, BlogId, Title) values ('collcott8', 9, 'Delicious sandwich recipes');
insert into Post (Content, BlogId, Title) values ('fvido9', 10, 'Healthy snack options');
insert into Post (Content, BlogId, Title) values ('mcrickmera', 11, 'Favorite comfort foods');
insert into Post (Content, BlogId, Title) values ('istilingb', 12, 'Easy weeknight dinners');
insert into Post (Content, BlogId, Title) values ('tmarsiec', 13, 'Baking tips for beginners');
insert into Post (Content, BlogId, Title) values ('ksteaned', 14, 'Grilling techniques');
insert into Post (Content, BlogId, Title) values ('dpolamontaynee', 15, 'Soup recipes for winter');
insert into Post (Content, BlogId, Title) values ('atuffinf', 16, 'Low-carb meal ideas');
insert into Post (Content, BlogId, Title) values ('iharriotg', 17, 'Holiday baking recipes');
insert into Post (Content, BlogId, Title) values ('mgaugeh', 18, 'Quick and easy desserts');
insert into Post (Content, BlogId, Title) values ('brulteni', 19, 'Family dinner favorites');
insert into Post (Content, BlogId, Title) values ('nmcauslanj', 20, 'Vegan cooking tips');
insert into Post (Content, BlogId, Title) values ('rarndtsenk', 21, 'Traditional Italian recipes');
insert into Post (Content, BlogId, Title) values ('iluxmoorel', 22, 'Asian cuisine exploration');
insert into Post (Content, BlogId, Title) values ('dpykem', 23, 'Classic French dishes');
insert into Post (Content, BlogId, Title) values ('bheintzen', 24, 'Mexican fiesta recipes');
insert into Post (Content, BlogId, Title) values ('bkleinhauso', 25, 'Spanish tapas ideas');
insert into Post (Content, BlogId, Title) values ('ptorettap', 26, 'Mediterranean diet recipes');
insert into Post (Content, BlogId, Title) values ('ccunniffeq', 27, 'Indian curry recipes');
insert into Post (Content, BlogId, Title) values ('mbartolomuccir', 28, 'Middle Eastern delights');
insert into Post (Content, BlogId, Title) values ('hmccolls', 29, 'African cuisine highlights');
insert into Post (Content, BlogId, Title) values ('ejanut', 30, 'Caribbean flavors');
insert into Post (Content, BlogId, Title) values ('tshurrocksu', 31, 'South American specialties');
insert into Post (Content, BlogId, Title) values ('cantalffyv', 32, 'Australian dishes to try');
insert into Post (Content, BlogId, Title) values ('pfeldererw', 33, 'Scandinavian comfort foods');
insert into Post (Content, BlogId, Title) values ('asivex', 34, 'Quick and tasty stir-fry recipes');
insert into Post (Content, BlogId, Title) values ('dhurley', 35, 'Healthy Mediterranean appetizers');
insert into Post (Content, BlogId, Title) values ('ccuerdaz', 36, 'Hearty German meals');
insert into Post (Content, BlogId, Title) values ('ecluley10', 37, 'Irish cuisine favorites');
insert into Post (Content, BlogId, Title) values ('aokell11', 38, 'British classics revisited');
insert into Post (Content, BlogId, Title) values ('kmewton12', 39, 'Japanese sushi techniques');
insert into Post (Content, BlogId, Title) values ('lhurring13', 40, 'Korean BBQ at home');
insert into Post (Content, BlogId, Title) values ('cmcgruar14', 41, 'Thai street food experience');
insert into Post (Content, BlogId, Title) values ('pconstantine15', 42, 'Chinese dumpling recipes');
insert into Post (Content, BlogId, Title) values ('bakid16', 43, 'Russian cuisine specialties');
insert into Post (Content, BlogId, Title) values ('kbiaggioni17', 44, 'Brazilian BBQ secrets');
insert into Post (Content, BlogId, Title) values ('keskell18', 45, 'Mexican street food guide');
insert into Post (Content, BlogId, Title) values ('cinger19', 46, 'French pastry perfection');
insert into Post (Content, BlogId, Title) values ('lmayhou1a', 47, 'Italian gelato recipes');
insert into Post (Content, BlogId, Title) values ('cneve1b', 48, 'Spanish paella mastery');
insert into Post (Content, BlogId, Title) values ('hwadham1c', 49, 'Greek cuisine delights');
insert into Post (Content, BlogId, Title) values ('bickovits1d', 50, 'Turkish kebab secrets');


insert into Tags (ContainsNuts, GlutenFree, Vegetarian, DairyFree, ContainsProtein, FatFree, Vegan, TagId) values (0, 0, 0, 0, 1, 0, 0, 0);
insert into Tags (ContainsNuts, GlutenFree, Vegetarian, DairyFree, ContainsProtein, FatFree, Vegan, TagId) values (0, 1, 0, 1, 0, 1, 0, 1);
insert into Tags (ContainsNuts, GlutenFree, Vegetarian, DairyFree, ContainsProtein, FatFree, Vegan, TagId) values (0, 1, 1, 0, 1, 1, 0, 2);
insert into Tags (ContainsNuts, GlutenFree, Vegetarian, DairyFree, ContainsProtein, FatFree, Vegan, TagId) values (1, 0, 0, 1, 0, 0, 1, 3);
insert into Tags (ContainsNuts, GlutenFree, Vegetarian, DairyFree, ContainsProtein, FatFree, Vegan, TagId) values (1, 1, 0, 0, 1, 0, 1, 4);
insert into Tags (ContainsNuts, GlutenFree, Vegetarian, DairyFree, ContainsProtein, FatFree, Vegan, TagId) values (1, 0, 1, 1, 0, 1, 1, 5);
insert into Tags (ContainsNuts, GlutenFree, Vegetarian, DairyFree, ContainsProtein, FatFree, Vegan, TagId) values (0, 1, 0, 1, 1, 0, 1, 6);
insert into Tags (ContainsNuts, GlutenFree, Vegetarian, DairyFree, ContainsProtein, FatFree, Vegan, TagId) values (1, 0, 1, 0, 0, 1, 1, 7);
insert into Tags (ContainsNuts, GlutenFree, Vegetarian, DairyFree, ContainsProtein, FatFree, Vegan, TagId) values (0, 1, 1, 1, 1, 0, 0, 8);
insert into Tags (ContainsNuts, GlutenFree, Vegetarian, DairyFree, ContainsProtein, FatFree, Vegan, TagId) values (1, 1, 1, 1, 1, 1, 1, 9);
insert into Tags (ContainsNuts, GlutenFree, Vegetarian, DairyFree, ContainsProtein, FatFree, Vegan, TagId) values (0, 0, 1, 1, 0, 0, 0, 10);
insert into Tags (ContainsNuts, GlutenFree, Vegetarian, DairyFree, ContainsProtein, FatFree, Vegan, TagId) values (1, 0, 0, 1, 1, 1, 0, 11);
insert into Tags (ContainsNuts, GlutenFree, Vegetarian, DairyFree, ContainsProtein, FatFree, Vegan, TagId) values (1, 1, 1, 0, 0, 0, 1, 12);
insert into Tags (ContainsNuts, GlutenFree, Vegetarian, DairyFree, ContainsProtein, FatFree, Vegan, TagId) values (0, 1, 0, 0, 1, 0, 0, 13);
insert into Tags (ContainsNuts, GlutenFree, Vegetarian, DairyFree, ContainsProtein, FatFree, Vegan, TagId) values (1, 0, 1, 1, 0, 1, 1, 14);
insert into Tags (ContainsNuts, GlutenFree, Vegetarian, DairyFree, ContainsProtein, FatFree, Vegan, TagId) values (0, 1, 0, 1, 1, 0, 1, 15);
insert into Tags (ContainsNuts, GlutenFree, Vegetarian, DairyFree, ContainsProtein, FatFree, Vegan, TagId) values (0, 0, 1, 0, 0, 1, 1, 16);
insert into Tags (ContainsNuts, GlutenFree, Vegetarian, DairyFree, ContainsProtein, FatFree, Vegan, TagId) values (1, 1, 1, 0, 1, 0, 0, 17);
insert into Tags (ContainsNuts, GlutenFree, Vegetarian, DairyFree, ContainsProtein, FatFree, Vegan, TagId) values (0, 0, 0, 1, 1, 1, 0, 18);
insert into Tags (ContainsNuts, GlutenFree, Vegetarian, DairyFree, ContainsProtein, FatFree, Vegan, TagId) values (1, 1, 0, 1, 0, 0, 1, 19);
insert into Tags (ContainsNuts, GlutenFree, Vegetarian, DairyFree, ContainsProtein, FatFree, Vegan, TagId) values (0, 1, 1, 1, 1, 1, 1, 20);
insert into Tags (ContainsNuts, GlutenFree, Vegetarian, DairyFree, ContainsProtein, FatFree, Vegan, TagId) values (1, 0, 0, 0, 0, 1, 0, 21);
insert into Tags (ContainsNuts, GlutenFree, Vegetarian, DairyFree, ContainsProtein, FatFree, Vegan, TagId) values (1, 1, 0, 0, 1, 1, 0, 22);
insert into Tags (ContainsNuts, GlutenFree, Vegetarian, DairyFree, ContainsProtein, FatFree, Vegan, TagId) values (0, 0, 1, 0, 1, 0, 1, 23);
insert into Tags (ContainsNuts, GlutenFree, Vegetarian, DairyFree, ContainsProtein, FatFree, Vegan, TagId) values (1, 0, 1, 0, 0, 1, 1, 24);
insert into Tags (ContainsNuts, GlutenFree, Vegetarian, DairyFree, ContainsProtein, FatFree, Vegan, TagId) values (1, 1, 1, 1, 1, 0, 0, 25);
insert into Tags (ContainsNuts, GlutenFree, Vegetarian, DairyFree, ContainsProtein, FatFree, Vegan, TagId) values (0, 1, 0, 1, 0, 1, 0, 26);
insert into Tags (ContainsNuts, GlutenFree, Vegetarian, DairyFree, ContainsProtein, FatFree, Vegan, TagId) values (0, 1, 1, 1, 0, 0, 1, 27);
insert into Tags (ContainsNuts, GlutenFree, Vegetarian, DairyFree, ContainsProtein, FatFree, Vegan, TagId) values (0, 1, 0, 1, 1, 0, 1, 28);
insert into Tags (ContainsNuts, GlutenFree, Vegetarian, DairyFree, ContainsProtein, FatFree, Vegan, TagId) values (1, 0, 1, 1, 0, 1, 1, 29);
insert into Tags (ContainsNuts, GlutenFree, Vegetarian, DairyFree, ContainsProtein, FatFree, Vegan, TagId) values (1, 1, 0, 0, 1, 0, 0, 30);
insert into Tags (ContainsNuts, GlutenFree, Vegetarian, DairyFree, ContainsProtein, FatFree, Vegan, TagId) values (0, 1, 0, 0, 0, 1, 0, 31);
insert into Tags (ContainsNuts, GlutenFree, Vegetarian, DairyFree, ContainsProtein, FatFree, Vegan, TagId) values (1, 0, 1, 0, 1, 1, 1, 32);
insert into Tags (ContainsNuts, GlutenFree, Vegetarian, DairyFree, ContainsProtein, FatFree, Vegan, TagId) values (0, 1, 1, 1, 0, 0, 0, 33);
insert into Tags (ContainsNuts, GlutenFree, Vegetarian, DairyFree, ContainsProtein, FatFree, Vegan, TagId) values (1, 1, 1, 0, 1, 0, 1, 34);
insert into Tags (ContainsNuts, GlutenFree, Vegetarian, DairyFree, ContainsProtein, FatFree, Vegan, TagId) values (0, 0, 1, 1, 0, 1, 1, 35);
insert into Tags (ContainsNuts, GlutenFree, Vegetarian, DairyFree, ContainsProtein, FatFree, Vegan, TagId) values (1, 0, 0, 1, 1, 0, 1, 36);
insert into Tags (ContainsNuts, GlutenFree, Vegetarian, DairyFree, ContainsProtein, FatFree, Vegan, TagId) values (0, 0, 1, 0, 1, 1, 0, 37);
insert into Tags (ContainsNuts, GlutenFree, Vegetarian, DairyFree, ContainsProtein, FatFree, Vegan, TagId) values (1, 1, 0, 0, 0, 0, 1, 38);
insert into Tags (ContainsNuts, GlutenFree, Vegetarian, DairyFree, ContainsProtein, FatFree, Vegan, TagId) values (0, 1, 1, 0, 1, 1, 0, 39);
insert into Tags (ContainsNuts, GlutenFree, Vegetarian, DairyFree, ContainsProtein, FatFree, Vegan, TagId) values (1, 0, 0, 1, 0, 0, 1, 40);
insert into Tags (ContainsNuts, GlutenFree, Vegetarian, DairyFree, ContainsProtein, FatFree, Vegan, TagId) values (1, 1, 1, 1, 1, 1, 1, 41);
insert into Tags (ContainsNuts, GlutenFree, Vegetarian, DairyFree, ContainsProtein, FatFree, Vegan, TagId) values (0, 0, 0, 1, 0, 1, 0, 42);
insert into Tags (ContainsNuts, GlutenFree, Vegetarian, DairyFree, ContainsProtein, FatFree, Vegan, TagId) values (0, 0, 0, 0, 1, 0, 1, 43);
insert into Tags (ContainsNuts, GlutenFree, Vegetarian, DairyFree, ContainsProtein, FatFree, Vegan, TagId) values (0, 1, 0, 1, 1, 1, 0, 44);
insert into Tags (ContainsNuts, GlutenFree, Vegetarian, DairyFree, ContainsProtein, FatFree, Vegan, TagId) values (1, 0, 1, 0, 0, 0, 0, 45);
insert into Tags (ContainsNuts, GlutenFree, Vegetarian, DairyFree, ContainsProtein, FatFree, Vegan, TagId) values (1, 1, 0, 1, 1, 1, 1, 46);
insert into Tags (ContainsNuts, GlutenFree, Vegetarian, DairyFree, ContainsProtein, FatFree, Vegan, TagId) values (0, 0, 1, 1, 0, 0, 1, 47);
insert into Tags (ContainsNuts, GlutenFree, Vegetarian, DairyFree, ContainsProtein, FatFree, Vegan, TagId) values (1, 1, 1, 0, 1, 0, 0, 48);
insert into Tags (ContainsNuts, GlutenFree, Vegetarian, DairyFree, ContainsProtein, FatFree, Vegan, TagId) values (0, 1, 0, 0, 1, 1, 0, 49);
insert into Tags (ContainsNuts, GlutenFree, Vegetarian, DairyFree, ContainsProtein, FatFree, Vegan, TagId) values (1, 0, 1, 1, 0, 0, 1, 50);


insert into Recipe (Name, Story, Directions, TagId, BlogID, Origin, RecipeID) values ('Cookie dough', 'This was my grandmothers recipe that is 40 years old', 'Mix all ingredients and enjoy', 0, 0, 'My grandma', 0);
insert into Recipe (Name, Story, Directions, TagId, BlogID, Origin, RecipeID) values ('Ice cream', 'Homemade gelato from my Italy trip!', 'Add ingredients, fix, freeze', 1, 1, 'Italy', 1);
insert into Recipe (Name, Story, Directions, TagId, BlogID, Origin, RecipeID) values ('Chocolate Cake', 'Family favorite for birthdays!', 'Mix dry ingredients, add wet, bake', 2, 2, 'Family Tradition', 2);
insert into Recipe (Name, Story, Directions, TagId, BlogID, Origin, RecipeID) values ('Vegetable Stir-Fry', 'Quick and healthy dinner option', 'Chop vegetables, stir-fry with sauce', 3, 3, 'Personal Creation', 3);
insert into Recipe (Name, Story, Directions, TagId, BlogID, Origin, RecipeID) values ('Spaghetti Carbonara', 'Classic Italian pasta dish', 'Cook pasta, fry bacon, mix with eggs and cheese', 4, 4, 'Italian Cuisine', 4);
insert into Recipe (Name, Story, Directions, TagId, BlogID, Origin, RecipeID) values ('Avocado Toast', 'Simple and delicious breakfast', 'Toast bread, smash avocado, add toppings', 5, 5, 'Healthy Eating', 5);
insert into Recipe (Name, Story, Directions, TagId, BlogID, Origin, RecipeID) values ('Chicken Curry', 'Warm and comforting meal', 'Cook chicken, simmer with curry sauce, serve with rice', 6, 6, 'Indian Cuisine', 6);
insert into Recipe (Name, Story, Directions, TagId, BlogID, Origin, RecipeID) values ('Berry Smoothie', 'Refreshing summer drink', 'Blend berries, yogurt, and ice', 7, 7, 'Summer Treats', 7);
insert into Recipe (Name, Story, Directions, TagId, BlogID, Origin, RecipeID) values ('Grilled Cheese Sandwich', 'Childhood favorite comfort food', 'Butter bread, add cheese, grill until golden', 8, 8, 'Comfort Food', 8);
insert into Recipe (Name, Story, Directions, TagId, BlogID, Origin, RecipeID) values ('Caesar Salad', 'Classic salad with a tangy dressing', 'Toss lettuce with dressing, add croutons and cheese', 9, 9, 'Salad Lover', 9);
insert into Recipe (Name, Story, Directions, TagId, BlogID, Origin, RecipeID) values ('Margarita Pizza', 'Simple yet delicious pizza', 'Spread sauce on dough, add cheese and basil, bake', 10, 10, 'Italian Cuisine', 10);
insert into Recipe (Name, Story, Directions, TagId, BlogID, Origin, RecipeID) values ('Omelette', 'Versatile breakfast option', 'Whisk eggs, pour into pan, add desired fillings, fold', 11, 11, 'Breakfast Classics', 11);
insert into Recipe (Name, Story, Directions, TagId, BlogID, Origin, RecipeID) values ('Peanut Butter Smoothie', 'Protein-packed drink for post-workout', 'Blend peanut butter, banana, and protein powder with milk', 12, 12, 'Fitness Fuel', 12);
insert into Recipe (Name, Story, Directions, TagId, BlogID, Origin, RecipeID) values ('Beef Tacos', 'Tasty Mexican street food', 'Cook beef with spices, assemble in tortillas with toppings', 13, 13, 'Mexican Cuisine', 13);
insert into Recipe (Name, Story, Directions, TagId, BlogID, Origin, RecipeID) values ('Caprese Salad', 'Fresh and simple Italian salad', 'Layer tomato, mozzarella, and basil, drizzle with olive oil', 14, 14, 'Italian Delight', 14);
insert into Recipe (Name, Story, Directions, TagId, BlogID, Origin, RecipeID) values ('Sushi Rolls', 'Homemade sushi for sushi lovers', 'Spread rice on seaweed, add fillings, roll tightly, slice', 15, 15, 'Japanese Cuisine', 15);
insert into Recipe (Name, Story, Directions, TagId, BlogID, Origin, RecipeID) values ('Quinoa Salad', 'Healthy and nutritious meal option', 'Cook quinoa, mix with vegetables and dressing', 16, 16, 'Healthy Eating', 16);
insert into Recipe (Name, Story, Directions, TagId, BlogID, Origin, RecipeID) values ('Chicken Alfredo Pasta', 'Creamy pasta dish loved by all', 'Cook pasta, sauté chicken, mix with Alfredo sauce', 17, 17, 'Italian Classic', 17);
insert into Recipe (Name, Story, Directions, TagId, BlogID, Origin, RecipeID) values ('Fruit Salad', 'Colorful and refreshing summer salad', 'Dice assorted fruits, toss with honey-lime dressing', 18, 18, 'Summer Delights', 18);
insert into Recipe (Name, Story, Directions, TagId, BlogID, Origin, RecipeID) values ('Tomato Soup', 'Comforting soup for chilly evenings', 'Sauté onions, add tomatoes and broth, blend until smooth', 19, 19, 'Comfort Food', 19);
insert into Recipe (Name, Story, Directions, TagId, BlogID, Origin, RecipeID) values ('Pancakes', 'Fluffy breakfast pancakes', 'Mix batter, pour onto griddle, flip when bubbles form', 20, 20, 'Breakfast Classics', 20);
insert into Recipe (Name, Story, Directions, TagId, BlogID, Origin, RecipeID) values ('Greek Salad', 'Healthy Mediterranean salad', 'Toss cucumbers, tomatoes, olives, and feta with vinaigrette', 21, 21, 'Mediterranean Cuisine', 21);
insert into Recipe (Name, Story, Directions, TagId, BlogID, Origin, RecipeID) values ('Shrimp Scampi', 'Buttery shrimp pasta dish', 'Sauté shrimp in garlic butter, toss with pasta and parsley', 22, 22, 'Italian Inspired', 22);
insert into Recipe (Name, Story, Directions, TagId, BlogID, Origin, RecipeID) values ('Green Smoothie', 'Healthy drink packed with greens', 'Blend spinach, banana, and pineapple with coconut water', 23, 23, 'Healthy Living', 23);
insert into Recipe (Name, Story, Directions, TagId, BlogID, Origin, RecipeID) values ('Beef Stew', 'Hearty and warming stew for cold days', 'Brown beef, add vegetables, simmer in broth until tender', 24, 24, 'Comfort Food', 24);
insert into Recipe (Name, Story, Directions, TagId, BlogID, Origin, RecipeID) values ('Tiramisu', 'Classic Italian dessert with coffee flavor', 'Layer ladyfingers with mascarpone mixture, dust with cocoa', 25, 25, 'Italian Delicacy', 25);
insert into Recipe (Name, Story, Directions, TagId, BlogID, Origin, RecipeID) values ('Eggplant Parmesan', 'Satisfying vegetarian dish', 'Bread and fry eggplant slices, layer with sauce and cheese, bake', 26, 26, 'Italian Inspired', 26);
insert into Recipe (Name, Story, Directions, TagId, BlogID, Origin, RecipeID) values ('Chicken Salad Sandwich', 'Light and flavorful sandwich filling', 'Mix shredded chicken with mayonnaise, celery, and seasonings', 27, 27, 'Lunch Classics', 27);
insert into Recipe (Name, Story, Directions, TagId, BlogID, Origin, RecipeID) values ('Beef Burgers', 'Juicy homemade burgers', 'Form patties, grill to desired doneness, assemble with toppings', 28, 28, 'Backyard BBQ', 28);
insert into Recipe (Name, Story, Directions, TagId, BlogID, Origin, RecipeID) values ('Ratatouille', 'Colorful French vegetable stew', 'Sauté eggplant, zucchini, peppers, and tomatoes with herbs', 29, 29, 'French Cuisine', 29);
insert into Recipe (Name, Story, Directions, TagId, BlogID, Origin, RecipeID) values ('Mushroom Risotto', 'Creamy and savory Italian rice dish', 'Sauté mushrooms, add Arborio rice and broth, stir until creamy', 30, 30, 'Italian Delight', 30);
insert into Recipe (Name, Story, Directions, TagId, BlogID, Origin, RecipeID) values ('Pesto Pasta', 'Bright and flavorful pasta dish', 'Blend basil, garlic, pine nuts, and Parmesan with olive oil, toss with pasta', 31, 31, 'Italian Inspired', 31);
insert into Recipe (Name, Story, Directions, TagId, BlogID, Origin, RecipeID) values ('Chicken Noodle Soup', 'Classic comfort food for sick days', 'Sauté vegetables, add chicken and broth, simmer with noodles', 32, 32, 'Comfort Classics', 32);
insert into Recipe (Name, Story, Directions, TagId, BlogID, Origin, RecipeID) values ('Blueberry Muffins', 'Delicious homemade muffins bursting with blueberries', 'Mix dry and wet ingredients, fold in blueberries, bake until golden', 33, 33, 'Baking Adventures', 33);
insert into Recipe (Name, Story, Directions, TagId, BlogID, Origin, RecipeID) values ('Fish Tacos', 'Fresh and flavorful seafood tacos', 'Grill fish, assemble in tortillas with slaw and sauce', 34, 34, 'Seafood Sensation', 34);
insert into Recipe (Name, Story, Directions, TagId, BlogID, Origin, RecipeID) values ('Stuffed Bell Peppers', 'Colorful and satisfying stuffed peppers', 'Cook filling, stuff into peppers, bake until tender', 35, 35, 'Vegetarian Delight', 35);
insert into Recipe (Name, Story, Directions, TagId, BlogID, Origin, RecipeID) values ('Lemon Chicken', 'Bright and tangy chicken dish', 'Sauté chicken, add lemon juice, garlic, and herbs, simmer until cooked', 36, 36, 'Family Favorite', 36);
insert into Recipe (Name, Story, Directions, TagId, BlogID, Origin, RecipeID) values ('Tuna Salad', 'Classic salad for sandwiches or salads', 'Mix tuna with mayonnaise, celery, and onion, season to taste', 37, 37, 'Lunch Classics', 37);
insert into Recipe (Name, Story, Directions, TagId, BlogID, Origin, RecipeID) values ('Beef Wellington', 'Elegant dish for special occasions', 'Wrap beef fillet in pastry with mushroom duxelles, bake until golden', 38, 38, 'Gourmet Creations', 38);
insert into Recipe (Name, Story, Directions, TagId, BlogID, Origin, RecipeID) values ('Lentil Soup', 'Hearty and healthy soup option', 'Sauté vegetables, add lentils and broth, simmer until tender', 39, 39, 'Vegetarian Delight', 39);
insert into Recipe (Name, Story, Directions, TagId, BlogID, Origin, RecipeID) values ('Rice Pilaf', 'Versatile side dish for any meal', 'Sauté rice in butter, add broth and seasonings, simmer until fluffy', 40, 40, 'Side Dish Staples', 40);
insert into Recipe (Name, Story, Directions, TagId, BlogID, Origin, RecipeID) values ('Fettuccine Alfredo', 'Rich and creamy pasta dish', 'Cook pasta, toss with Alfredo sauce, garnish with parsley and Parmesan', 41, 41, 'Italian Classic', 41);
insert into Recipe (Name, Story, Directions, TagId, BlogID, Origin, RecipeID) values ('Banana Bread', 'Classic homemade treat', 'Mix ingredients, pour into loaf pan, bake until golden and fragrant', 42, 42, 'Baking Adventures', 42);
insert into Recipe (Name, Story, Directions, TagId, BlogID, Origin, RecipeID) values ('Mango Salsa', 'Fresh and fruity salsa for dipping or topping', 'Dice mango, onion, and peppers, toss with lime juice and cilantro', 43, 43, 'Tropical Treats', 43);
insert into Recipe (Name, Story, Directions, TagId, BlogID, Origin, RecipeID) values ('Beef Stir-Fry', 'Quick and flavorful Asian-inspired dish', 'Sauté beef with vegetables and sauce, serve over rice or noodles', 44, 44, 'Asian Delights', 44);
insert into Recipe (Name, Story, Directions, TagId, BlogID, Origin, RecipeID) values ('Lemon Bars', 'Sweet and tangy dessert bars', 'Mix ingredients, pour into pan, bake until set, dust with powdered sugar', 45, 45, 'Baking Adventures', 45);
insert into Recipe (Name, Story, Directions, TagId, BlogID, Origin, RecipeID) values ('Cauliflower Rice', 'Low-carb alternative to rice', 'Pulse cauliflower in food processor, sauté until tender', 46, 46, 'Healthy Living', 46);
insert into Recipe (Name, Story, Directions, TagId, BlogID, Origin, RecipeID) values ('Pulled Pork Sandwiches', 'Slow-cooked pork with tangy barbecue sauce', 'Cook pork until tender, shred, mix with sauce, serve on buns', 47, 47, 'Southern Comfort', 47);
insert into Recipe (Name, Story, Directions, TagId, BlogID, Origin, RecipeID) values ('Chicken Fajitas', 'Flavorful Mexican-inspired dish', 'Sauté chicken with peppers and onions, serve with tortillas and toppings', 48, 48, 'Mexican Cuisine', 48);
insert into Recipe (Name, Story, Directions, TagId, BlogID, Origin, RecipeID) values ('Pesto Chicken Pasta', 'Simple and delicious pasta dish', 'Cook pasta, sauté chicken, mix with pesto sauce and tomatoes', 49, 49, 'Italian Inspired', 49);
insert into Recipe (Name, Story, Directions, TagId, BlogID, Origin, RecipeID) values ('Apple Pie', 'All-American classic dessert', 'Mix ingredients, pour into pie crust, bake until golden and bubbly', 50, 50, 'Homemade Treats', 50);


insert into Log (LogID, Username) values (0, 'sgibling0');
insert into Log (LogID, Username) values (1, 'mbertelet1');
insert into Log (LogID, Username) values (2, 'lgealy2');
insert into Log (LogID, Username) values (3, 'scoskerry3');
insert into Log (LogID, Username) values (4, 'egeck4');
insert into Log (LogID, Username) values (5, 'bmccaskell5');
insert into Log (LogID, Username) values (6, 'gpevreal6');
insert into Log (LogID, Username) values (7, 'ustandring7');
insert into Log (LogID, Username) values (8, 'collcott8');
insert into Log (LogID, Username) values (9, 'fvido9');
insert into Log (LogID, Username) values (10, 'mcrickmera');
insert into Log (LogID, Username) values (11, 'istilingb');
insert into Log (LogID, Username) values (12, 'tmarsiec');
insert into Log (LogID, Username) values (13, 'ksteaned');
insert into Log (LogID, Username) values (14, 'dpolamontaynee');
insert into Log (LogID, Username) values (15, 'atuffinf');
insert into Log (LogID, Username) values (16, 'iharriotg');
insert into Log (LogID, Username) values (17, 'mgaugeh');
insert into Log (LogID, Username) values (18, 'brulteni');
insert into Log (LogID, Username) values (19, 'nmcauslanj');
insert into Log (LogID, Username) values (20, 'rarndtsenk');
insert into Log (LogID, Username) values (21, 'iluxmoorel');
insert into Log (LogID, Username) values (22, 'dpykem');
insert into Log (LogID, Username) values (23, 'bheintzen');
insert into Log (LogID, Username) values (24, 'bkleinhauso');
insert into Log (LogID, Username) values (25, 'ptorettap');
insert into Log (LogID, Username) values (26, 'ccunniffeq');
insert into Log (LogID, Username) values (27, 'mbartolomuccir');
insert into Log (LogID, Username) values (28, 'hmccolls');
insert into Log (LogID, Username) values (29, 'ejanut');
insert into Log (LogID, Username) values (30, 'tshurrocksu');
insert into Log (LogID, Username) values (31, 'cantalffyv');
insert into Log (LogID, Username) values (32, 'pfeldererw');
insert into Log (LogID, Username) values (33, 'asivex');
insert into Log (LogID, Username) values (34, 'dhurley');
insert into Log (LogID, Username) values (35, 'ccuerdaz');
insert into Log (LogID, Username) values (36, 'ecluley10');
insert into Log (LogID, Username) values (37, 'aokell11');
insert into Log (LogID, Username) values (38, 'kmewton12');
insert into Log (LogID, Username) values (39, 'lhurring13');
insert into Log (LogID, Username) values (40, 'cmcgruar14');
insert into Log (LogID, Username) values (41, 'pconstantine15');
insert into Log (LogID, Username) values (42, 'bakid16');
insert into Log (LogID, Username) values (43, 'kbiaggioni17');
insert into Log (LogID, Username) values (44, 'keskell18');
insert into Log (LogID, Username) values (45, 'cinger19');
insert into Log (LogID, Username) values (46, 'lmayhou1a');
insert into Log (LogID, Username) values (47, 'cneve1b');
insert into Log (LogID, Username) values (48, 'hwadham1c');
insert into Log (LogID, Username) values (49, 'bickovits1d');


insert into Day (VeggieGoal, FruitGoal, FatsGoal, ProteinGoal, GrainsGoal, VeganGoal, VegetarianGoal, DairyFreeGoal, GlutenFreeGoal, LogID, Date) values (0, 1, 5, 6, 7, 0, 1, 1, 1, 0, '2024-04-18');
insert into Day (VeggieGoal, FruitGoal, FatsGoal, ProteinGoal, GrainsGoal, VeganGoal, VegetarianGoal, DairyFreeGoal, GlutenFreeGoal, LogID, Date) values (1, 0, 7, 3, 2, 1, 1, 0, 1, 1, '2024-04-04');
insert into Day (VeggieGoal, FruitGoal, FatsGoal, ProteinGoal, GrainsGoal, VeganGoal, VegetarianGoal, DairyFreeGoal, GlutenFreeGoal, LogID, Date) values (0, 1, 9, 4, 3, 0, 1, 0, 0, 2, '2024-04-21');
insert into Day (VeggieGoal, FruitGoal, FatsGoal, ProteinGoal, GrainsGoal, VeganGoal, VegetarianGoal, DairyFreeGoal, GlutenFreeGoal, LogID, Date) values (1, 0, 7, 5, 2, 1, 0, 1, 1, 3, '2024-04-11');
insert into Day (VeggieGoal, FruitGoal, FatsGoal, ProteinGoal, GrainsGoal, VeganGoal, VegetarianGoal, DairyFreeGoal, GlutenFreeGoal, LogID, Date) values (0, 1, 4, 2, 6, 0, 1, 0, 0, 4, '2024-04-14');
insert into Day (VeggieGoal, FruitGoal, FatsGoal, ProteinGoal, GrainsGoal, VeganGoal, VegetarianGoal, DairyFreeGoal, GlutenFreeGoal, LogID, Date) values (1, 0, 8, 7, 9, 1, 1, 1, 1, 5, '2024-04-03');
insert into Day (VeggieGoal, FruitGoal, FatsGoal, ProteinGoal, GrainsGoal, VeganGoal, VegetarianGoal, DairyFreeGoal, GlutenFreeGoal, LogID, Date) values (0, 1, 3, 5, 7, 0, 1, 0, 0, 6, '2024-04-27');
insert into Day (VeggieGoal, FruitGoal, FatsGoal, ProteinGoal, GrainsGoal, VeganGoal, VegetarianGoal, DairyFreeGoal, GlutenFreeGoal, LogID, Date) values (1, 0, 6, 3, 8, 1, 1, 1, 1, 7, '2024-04-30');
insert into Day (VeggieGoal, FruitGoal, FatsGoal, ProteinGoal, GrainsGoal, VeganGoal, VegetarianGoal, DairyFreeGoal, GlutenFreeGoal, LogID, Date) values (0, 1, 5, 4, 2, 0, 1, 0, 1, 8, '2024-04-06');
insert into Day (VeggieGoal, FruitGoal, FatsGoal, ProteinGoal, GrainsGoal, VeganGoal, VegetarianGoal, DairyFreeGoal, GlutenFreeGoal, LogID, Date) values (1, 0, 8, 6, 3, 1, 1, 1, 0, 9, '2024-04-15');
insert into Day (VeggieGoal, FruitGoal, FatsGoal, ProteinGoal, GrainsGoal, VeganGoal, VegetarianGoal, DairyFreeGoal, GlutenFreeGoal, LogID, Date) values (0, 1, 5, 2, 5, 0, 0, 0, 1, 10, '2024-04-02');
insert into Day (VeggieGoal, FruitGoal, FatsGoal, ProteinGoal, GrainsGoal, VeganGoal, VegetarianGoal, DairyFreeGoal, GlutenFreeGoal, LogID, Date) values (1, 0, 6, 7, 4, 1, 1, 1, 0, 11, '2024-04-17');
insert into Day (VeggieGoal, FruitGoal, FatsGoal, ProteinGoal, GrainsGoal, VeganGoal, VegetarianGoal, DairyFreeGoal, GlutenFreeGoal, LogID, Date) values (0, 1, 4, 5, 7, 0, 0, 1, 1, 12, '2024-04-19');
insert into Day (VeggieGoal, FruitGoal, FatsGoal, ProteinGoal, GrainsGoal, VeganGoal, VegetarianGoal, DairyFreeGoal, GlutenFreeGoal, LogID, Date) values (1, 0, 7, 3, 2, 1, 1, 1, 1, 13, '2024-04-26');
insert into Day (VeggieGoal, FruitGoal, FatsGoal, ProteinGoal, GrainsGoal, VeganGoal, VegetarianGoal, DairyFreeGoal, GlutenFreeGoal, LogID, Date) values (0, 1, 6, 6, 4, 0, 0, 1, 0, 14, '2024-04-24');
insert into Day (VeggieGoal, FruitGoal, FatsGoal, ProteinGoal, GrainsGoal, VeganGoal, VegetarianGoal, DairyFreeGoal, GlutenFreeGoal, LogID, Date) values (1, 0, 8, 4, 6, 1, 1, 1, 1, 15, '2024-04-23');
insert into Day (VeggieGoal, FruitGoal, FatsGoal, ProteinGoal, GrainsGoal, VeganGoal, VegetarianGoal, DairyFreeGoal, GlutenFreeGoal, LogID, Date) values (0, 1, 6, 3, 7, 0, 1, 0, 1, 16, '2024-04-01');
insert into Day (VeggieGoal, FruitGoal, FatsGoal, ProteinGoal, GrainsGoal, VeganGoal, VegetarianGoal, DairyFreeGoal, GlutenFreeGoal, LogID, Date) values (1, 0, 9, 5, 8, 1, 1, 1, 0, 17, '2024-04-10');
insert into Day (VeggieGoal, FruitGoal, FatsGoal, ProteinGoal, GrainsGoal, VeganGoal, VegetarianGoal, DairyFreeGoal, GlutenFreeGoal, LogID, Date) values (0, 1, 4, 6, 3, 0, 1, 1, 0, 18, '2024-04-28');
insert into Day (VeggieGoal, FruitGoal, FatsGoal, ProteinGoal, GrainsGoal, VeganGoal, VegetarianGoal, DairyFreeGoal, GlutenFreeGoal, LogID, Date) values (1, 0, 7, 2, 5, 1, 1, 1, 1, 19, '2024-04-25');
insert into Day (VeggieGoal, FruitGoal, FatsGoal, ProteinGoal, GrainsGoal, VeganGoal, VegetarianGoal, DairyFreeGoal, GlutenFreeGoal, LogID, Date) values (0, 1, 5, 5, 9, 0, 0, 0, 1, 20, '2024-04-20');
insert into Day (VeggieGoal, FruitGoal, FatsGoal, ProteinGoal, GrainsGoal, VeganGoal, VegetarianGoal, DairyFreeGoal, GlutenFreeGoal, LogID, Date) values (1, 0, 8, 3, 6, 1, 1, 1, 0, 21, '2024-04-22');
insert into Day (VeggieGoal, FruitGoal, FatsGoal, ProteinGoal, GrainsGoal, VeganGoal, VegetarianGoal, DairyFreeGoal, GlutenFreeGoal, LogID, Date) values (0, 1, 7, 4, 2, 0, 1, 0, 1, 22, '2024-04-29');
insert into Day (VeggieGoal, FruitGoal, FatsGoal, ProteinGoal, GrainsGoal, VeganGoal, VegetarianGoal, DairyFreeGoal, GlutenFreeGoal, LogID, Date) values (1, 0, 6, 7, 3, 1, 1, 1, 1, 23, '2024-04-09');
insert into Day (VeggieGoal, FruitGoal, FatsGoal, ProteinGoal, GrainsGoal, VeganGoal, VegetarianGoal, DairyFreeGoal, GlutenFreeGoal, LogID, Date) values (0, 1, 8, 2, 4, 0, 0, 1, 0, 24, '2024-04-07');
insert into Day (VeggieGoal, FruitGoal, FatsGoal, ProteinGoal, GrainsGoal, VeganGoal, VegetarianGoal, DairyFreeGoal, GlutenFreeGoal, LogID, Date) values (1, 0, 5, 6, 7, 1, 1, 0, 1, 25, '2024-04-12');
insert into Day (VeggieGoal, FruitGoal, FatsGoal, ProteinGoal, GrainsGoal, VeganGoal, VegetarianGoal, DairyFreeGoal, GlutenFreeGoal, LogID, Date) values (0, 1, 6, 3, 2, 0, 1, 0, 0, 26, '2024-04-16');
insert into Day (VeggieGoal, FruitGoal, FatsGoal, ProteinGoal, GrainsGoal, VeganGoal, VegetarianGoal, DairyFreeGoal, GlutenFreeGoal, LogID, Date) values (1, 0, 8, 5, 9, 1, 1, 1, 1, 27, '2024-04-05');
insert into Day (VeggieGoal, FruitGoal, FatsGoal, ProteinGoal, GrainsGoal, VeganGoal, VegetarianGoal, DairyFreeGoal, GlutenFreeGoal, LogID, Date) values (0, 1, 5, 4, 6, 0, 0, 0, 1, 28, '2024-04-13');
insert into Day (VeggieGoal, FruitGoal, FatsGoal, ProteinGoal, GrainsGoal, VeganGoal, VegetarianGoal, DairyFreeGoal, GlutenFreeGoal, LogID, Date) values (1, 0, 7, 2, 3, 1, 1, 1, 0, 29, '2024-04-08');
insert into Day (VeggieGoal, FruitGoal, FatsGoal, ProteinGoal, GrainsGoal, VeganGoal, VegetarianGoal, DairyFreeGoal, GlutenFreeGoal, LogID, Date) values (0, 1, 9, 7, 4, 0, 1, 1, 0, 30, '2024-04-01');
insert into Day (VeggieGoal, FruitGoal, FatsGoal, ProteinGoal, GrainsGoal, VeganGoal, VegetarianGoal, DairyFreeGoal, GlutenFreeGoal, LogID, Date) values (1, 0, 7, 6, 5, 1, 0, 1, 1, 31, '2024-04-14');
insert into Day (VeggieGoal, FruitGoal, FatsGoal, ProteinGoal, GrainsGoal, VeganGoal, VegetarianGoal, DairyFreeGoal, GlutenFreeGoal, LogID, Date) values (0, 1, 5, 3, 8, 0, 1, 0, 0, 32, '2024-04-30');
insert into Day (VeggieGoal, FruitGoal, FatsGoal, ProteinGoal, GrainsGoal, VeganGoal, VegetarianGoal, DairyFreeGoal, GlutenFreeGoal, LogID, Date) values (1, 0, 8, 5, 2, 1, 1, 1, 1, 33, '2024-04-11');
insert into Day (VeggieGoal, FruitGoal, FatsGoal, ProteinGoal, GrainsGoal, VeganGoal, VegetarianGoal, DairyFreeGoal, GlutenFreeGoal, LogID, Date) values (0, 1, 4, 4, 7, 0, 1, 0, 1, 34, '2024-04-17');
insert into Day (VeggieGoal, FruitGoal, FatsGoal, ProteinGoal, GrainsGoal, VeganGoal, VegetarianGoal, DairyFreeGoal, GlutenFreeGoal, LogID, Date) values (1, 0, 7, 3, 3, 1, 1, 1, 0, 35, '2024-04-29');
insert into Day (VeggieGoal, FruitGoal, FatsGoal, ProteinGoal, GrainsGoal, VeganGoal, VegetarianGoal, DairyFreeGoal, GlutenFreeGoal, LogID, Date) values (0, 1, 6, 6, 4, 0, 0, 1, 1, 36, '2024-04-20');
insert into Day (VeggieGoal, FruitGoal, FatsGoal, ProteinGoal, GrainsGoal, VeganGoal, VegetarianGoal, DairyFreeGoal, GlutenFreeGoal, LogID, Date) values (1, 0, 8, 4, 5, 1, 1, 1, 0, 37, '2024-04-24');
insert into Day (VeggieGoal, FruitGoal, FatsGoal, ProteinGoal, GrainsGoal, VeganGoal, VegetarianGoal, DairyFreeGoal, GlutenFreeGoal, LogID, Date) values (0, 1, 6, 3, 2, 0, 1, 0, 1, 38, '2024-04-28');
insert into Day (VeggieGoal, FruitGoal, FatsGoal, ProteinGoal, GrainsGoal, VeganGoal, VegetarianGoal, DairyFreeGoal, GlutenFreeGoal, LogID, Date) values (1, 0, 9, 6, 9, 1, 1, 1, 1, 39, '2024-04-06');
insert into Day (VeggieGoal, FruitGoal, FatsGoal, ProteinGoal, GrainsGoal, VeganGoal, VegetarianGoal, DairyFreeGoal, GlutenFreeGoal, LogID, Date) values (0, 1, 8, 2, 3, 0, 1, 0, 0, 40, '2024-04-25');
insert into Day (VeggieGoal, FruitGoal, FatsGoal, ProteinGoal, GrainsGoal, VeganGoal, VegetarianGoal, DairyFreeGoal, GlutenFreeGoal, LogID, Date) values (1, 0, 5, 5, 6, 1, 1, 1, 1, 41, '2024-04-23');
insert into Day (VeggieGoal, FruitGoal, FatsGoal, ProteinGoal, GrainsGoal, VeganGoal, VegetarianGoal, DairyFreeGoal, GlutenFreeGoal, LogID, Date) values (0, 1, 7, 4, 7, 0, 0, 1, 0, 42, '2024-04-08');
insert into Day (VeggieGoal, FruitGoal, FatsGoal, ProteinGoal, GrainsGoal, VeganGoal, VegetarianGoal, DairyFreeGoal, GlutenFreeGoal, LogID, Date) values (1, 0, 6, 7, 4, 1, 1, 1, 1, 43, '2024-04-05');
insert into Day (VeggieGoal, FruitGoal, FatsGoal, ProteinGoal, GrainsGoal, VeganGoal, VegetarianGoal, DairyFreeGoal, GlutenFreeGoal, LogID, Date) values (0, 1, 8, 3, 5, 0, 1, 0, 1, 44, '2024-04-18');
insert into Day (VeggieGoal, FruitGoal, FatsGoal, ProteinGoal, GrainsGoal, VeganGoal, VegetarianGoal, DairyFreeGoal, GlutenFreeGoal, LogID, Date) values (1, 0, 6, 6, 2, 1, 1, 0, 0, 45, '2024-04-10');
insert into Day (VeggieGoal, FruitGoal, FatsGoal, ProteinGoal, GrainsGoal, VeganGoal, VegetarianGoal, DairyFreeGoal, GlutenFreeGoal, LogID, Date) values (0, 1, 8, 5, 3, 0, 0, 0, 1, 46, '2024-04-09');
insert into Day (VeggieGoal, FruitGoal, FatsGoal, ProteinGoal, GrainsGoal, VeganGoal, VegetarianGoal, DairyFreeGoal, GlutenFreeGoal, LogID, Date) values (1, 0, 5, 6, 8, 1, 1, 1, 0, 47, '2024-04-27');
insert into Day (VeggieGoal, FruitGoal, FatsGoal, ProteinGoal, GrainsGoal, VeganGoal, VegetarianGoal, DairyFreeGoal, GlutenFreeGoal, LogID, Date) values (0, 1, 7, 3, 4, 0, 1, 1, 1, 48, '2024-04-12');
insert into Day (VeggieGoal, FruitGoal, FatsGoal, ProteinGoal, GrainsGoal, VeganGoal, VegetarianGoal, DairyFreeGoal, GlutenFreeGoal, LogID, Date) values (1, 0, 6, 4, 9, 1, 1, 1, 0, 49, '2024-04-07');

insert into Meal (MealType, Date, MealID) values ('Breakfast', '2024-04-18', 0);
insert into Meal (MealType, Date, MealID) values ('Lunch', '2024-04-04', 1);
insert into Meal (MealType, Date, MealID) values ('Lunch', '2024-04-21', 2);
insert into Meal (MealType, Date, MealID) values ('Dinner', '2024-04-11', 3);
insert into Meal (MealType, Date, MealID) values ('Dessert', '2024-04-14', 4);
insert into Meal (MealType, Date, MealID) values ('Snack', '2024-04-03', 5);
insert into Meal (MealType, Date, MealID) values ('Breakfast', '2024-04-27', 6);
insert into Meal (MealType, Date, MealID) values ('Lunch', '2024-04-30', 7);
insert into Meal (MealType, Date, MealID) values ('Lunch', '2024-04-06', 8);
insert into Meal (MealType, Date, MealID) values ('Dinner', '2024-04-15', 9);
insert into Meal (MealType, Date, MealID) values ('Dessert', '2024-04-02', 10);
insert into Meal (MealType, Date, MealID) values ('Snack', '2024-04-17', 11);
insert into Meal (MealType, Date, MealID) values ('Breakfast', '2024-04-19', 12);
insert into Meal (MealType, Date, MealID) values ('Lunch', '2024-04-26', 13);
insert into Meal (MealType, Date, MealID) values ('Lunch', '2024-04-24', 14);
insert into Meal (MealType, Date, MealID) values ('Dinner', '2024-04-23', 15);
insert into Meal (MealType, Date, MealID) values ('Dessert', '2024-04-01', 16);
insert into Meal (MealType, Date, MealID) values ('Snack', '2024-04-10', 17);
insert into Meal (MealType, Date, MealID) values ('Breakfast', '2024-04-28', 18);
insert into Meal (MealType, Date, MealID) values ('Lunch', '2024-04-25', 19);
insert into Meal (MealType, Date, MealID) values ('Lunch', '2024-04-20', 20);
insert into Meal (MealType, Date, MealID) values ('Dinner', '2024-04-22', 21);
insert into Meal (MealType, Date, MealID) values ('Dessert', '2024-04-29', 22);
insert into Meal (MealType, Date, MealID) values ('Snack', '2024-04-09', 23);
insert into Meal (MealType, Date, MealID) values ('Breakfast', '2024-04-07', 24);
insert into Meal (MealType, Date, MealID) values ('Lunch', '2024-04-12', 25);
insert into Meal (MealType, Date, MealID) values ('Lunch', '2024-04-16', 26);
insert into Meal (MealType, Date, MealID) values ('Dinner', '2024-04-05', 27);
insert into Meal (MealType, Date, MealID) values ('Dessert', '2024-04-13', 28);
insert into Meal (MealType, Date, MealID) values ('Snack', '2024-04-08', 29);
insert into Meal (MealType, Date, MealID) values ('Breakfast', '2024-04-01', 30);
insert into Meal (MealType, Date, MealID) values ('Lunch', '2024-04-14', 31);
insert into Meal (MealType, Date, MealID) values ('Lunch', '2024-04-30', 32);
insert into Meal (MealType, Date, MealID) values ('Dinner', '2024-04-11', 33);
insert into Meal (MealType, Date, MealID) values ('Dessert', '2024-04-17', 34);
insert into Meal (MealType, Date, MealID) values ('Snack', '2024-04-29', 35);
insert into Meal (MealType, Date, MealID) values ('Breakfast', '2024-04-20', 36);
insert into Meal (MealType, Date, MealID) values ('Lunch', '2024-04-24', 37);
insert into Meal (MealType, Date, MealID) values ('Lunch', '2024-04-28', 38);
insert into Meal (MealType, Date, MealID) values ('Dinner', '2024-04-06', 39);
insert into Meal (MealType, Date, MealID) values ('Dessert', '2024-04-25', 40);
insert into Meal (MealType, Date, MealID) values ('Snack', '2024-04-23', 41);
insert into Meal (MealType, Date, MealID) values ('Breakfast', '2024-04-08', 42);
insert into Meal (MealType, Date, MealID) values ('Lunch', '2024-04-05', 43);
insert into Meal (MealType, Date, MealID) values ('Lunch', '2024-04-18', 44);
insert into Meal (MealType, Date, MealID) values ('Dinner', '2024-04-10', 45);
insert into Meal (MealType, Date, MealID) values ('Dessert', '2024-04-09', 46);
insert into Meal (MealType, Date, MealID) values ('Snack', '2024-04-27', 47);
insert into Meal (MealType, Date, MealID) values ('Breakfast', '2024-04-12', 48);
insert into Meal (MealType, Date, MealID) values ('Lunch', '2024-04-07', 49);

insert into FoodItems (ServingCount, MealType, MealID, Ing_Name, Food_Name) values (8, 'Breakfast', 0, 'Eggs', 'Scrambled eggs');
insert into FoodItems (ServingCount, MealType, MealID, Ing_Name, Food_Name) values (2, 'Lunch', 1, 'Tomato', 'Caprese salad');
insert into FoodItems (ServingCount, MealType, MealID, Ing_Name, Food_Name) values (6, 'Dinner', 2, 'Chicken', 'Grilled chicken breast');
insert into FoodItems (ServingCount, MealType, MealID, Ing_Name, Food_Name) values (1, 'Dessert', 3, 'Banana', 'Banana split');
insert into FoodItems (ServingCount, MealType, MealID, Ing_Name, Food_Name) values (4, 'Snack', 4, 'Peanut Butter', 'Peanut butter sandwich');
insert into FoodItems (ServingCount, MealType, MealID, Ing_Name, Food_Name) values (9, 'Breakfast', 5, 'Oats', 'Oatmeal');
insert into FoodItems (ServingCount, MealType, MealID, Ing_Name, Food_Name) values (3, 'Lunch', 6, 'Lettuce', 'Chicken Caesar salad');
insert into FoodItems (ServingCount, MealType, MealID, Ing_Name, Food_Name) values (7, 'Dinner', 7, 'Beef', 'Beef stir-fry');
insert into FoodItems (ServingCount, MealType, MealID, Ing_Name, Food_Name) values (5, 'Dessert', 8, 'Chocolate', 'Chocolate cake');
insert into FoodItems (ServingCount, MealType, MealID, Ing_Name, Food_Name) values (2, 'Snack', 9, 'Almonds', 'Almond trail mix');
insert into FoodItems (ServingCount, MealType, MealID, Ing_Name, Food_Name) values (4, 'Breakfast', 10, 'Yogurt', 'Yogurt parfait');
insert into FoodItems (ServingCount, MealType, MealID, Ing_Name, Food_Name) values (6, 'Lunch', 11, 'Avocado', 'Avocado toast');
insert into FoodItems (ServingCount, MealType, MealID, Ing_Name, Food_Name) values (1, 'Dinner', 12, 'Salmon', 'Grilled salmon');
insert into FoodItems (ServingCount, MealType, MealID, Ing_Name, Food_Name) values (8, 'Dessert', 13, 'Strawberries', 'Strawberry shortcake');
insert into FoodItems (ServingCount, MealType, MealID, Ing_Name, Food_Name) values (3, 'Snack', 14, 'Carrots', 'Carrot sticks');
insert into FoodItems (ServingCount, MealType, MealID, Ing_Name, Food_Name) values (5, 'Breakfast', 15, 'Bacon', 'Bacon and eggs');
insert into FoodItems (ServingCount, MealType, MealID, Ing_Name, Food_Name) values (7, 'Lunch', 16, 'Turkey', 'Turkey sandwich');
insert into FoodItems (ServingCount, MealType, MealID, Ing_Name, Food_Name) values (2, 'Dinner', 17, 'Pasta', 'Spaghetti carbonara');
insert into FoodItems (ServingCount, MealType, MealID, Ing_Name, Food_Name) values (4, 'Dessert', 18, 'Vanilla', 'Vanilla ice cream');
insert into FoodItems (ServingCount, MealType, MealID, Ing_Name, Food_Name) values (9, 'Snack', 19, 'Apple', 'Apple slices');
insert into FoodItems (ServingCount, MealType, MealID, Ing_Name, Food_Name) values (1, 'Breakfast', 20, 'Cereal', 'Cereal with milk');
insert into FoodItems (ServingCount, MealType, MealID, Ing_Name, Food_Name) values (6, 'Lunch', 21, 'Spinach', 'Spinach salad');
insert into FoodItems (ServingCount, MealType, MealID, Ing_Name, Food_Name) values (3, 'Dinner', 22, 'Rice', 'Fried rice');
insert into FoodItems (ServingCount, MealType, MealID, Ing_Name, Food_Name) values (5, 'Dessert', 23, 'Caramel', 'Caramel popcorn');
insert into FoodItems (ServingCount, MealType, MealID, Ing_Name, Food_Name) values (8, 'Snack', 24, 'Grapes', 'Grape bunch');
insert into FoodItems (ServingCount, MealType, MealID, Ing_Name, Food_Name) values (2, 'Breakfast', 25, 'Bagel', 'Bagel with cream cheese');
insert into FoodItems (ServingCount, MealType, MealID, Ing_Name, Food_Name) values (7, 'Lunch', 26, 'Ham', 'Ham and cheese sandwich');
insert into FoodItems (ServingCount, MealType, MealID, Ing_Name, Food_Name) values (4, 'Dinner', 27, 'Pizza dough', 'Homemade pizza');
insert into FoodItems (ServingCount, MealType, MealID, Ing_Name, Food_Name) values (1, 'Dessert', 28, 'Lemon', 'Lemon sorbet');
insert into FoodItems (ServingCount, MealType, MealID, Ing_Name, Food_Name) values (9, 'Snack', 29, 'Celery', 'Celery sticks');
insert into FoodItems (ServingCount, MealType, MealID, Ing_Name, Food_Name) values (3, 'Breakfast', 30, 'Pancake mix', 'Pancakes');
insert into FoodItems (ServingCount, MealType, MealID, Ing_Name, Food_Name) values (6, 'Lunch', 31, 'Tuna', 'Tuna salad');
insert into FoodItems (ServingCount, MealType, MealID, Ing_Name, Food_Name) values (1, 'Dinner', 32, 'Shrimp', 'Grilled shrimp');
insert into FoodItems (ServingCount, MealType, MealID, Ing_Name, Food_Name) values (5, 'Dessert', 33, 'Oreo cookies', 'Oreo milkshake');
insert into FoodItems (ServingCount, MealType, MealID, Ing_Name, Food_Name) values (8, 'Snack', 34, 'Blueberries', 'Blueberry muffin');
insert into FoodItems (ServingCount, MealType, MealID, Ing_Name, Food_Name) values (2, 'Breakfast', 35, 'Croissant', 'Butter croissant');
insert into FoodItems (ServingCount, MealType, MealID, Ing_Name, Food_Name) values (7, 'Lunch', 36, 'Cucumber', 'Cucumber sandwich');
insert into FoodItems (ServingCount, MealType, MealID, Ing_Name, Food_Name) values (4, 'Dinner', 37, 'Potato', 'Mashed potatoes');
insert into FoodItems (ServingCount, MealType, MealID, Ing_Name, Food_Name) values (1, 'Dessert', 38, 'Peach', 'Peach cobbler');
insert into FoodItems (ServingCount, MealType, MealID, Ing_Name, Food_Name) values (9, 'Snack', 39, 'Orange', 'Orange slices');
insert into FoodItems (ServingCount, MealType, MealID, Ing_Name, Food_Name) values (3, 'Breakfast', 40, 'Baguette', 'French toast');
insert into FoodItems (ServingCount, MealType, MealID, Ing_Name, Food_Name) values (6, 'Lunch', 41, 'Broccoli', 'Broccoli soup');
insert into FoodItems (ServingCount, MealType, MealID, Ing_Name, Food_Name) values (2, 'Dinner', 42, 'Lamb', 'Roasted lamb chops');
insert into FoodItems (ServingCount, MealType, MealID, Ing_Name, Food_Name) values (5, 'Dessert', 43, 'Chocolate chips', 'Chocolate chip cookies');
insert into FoodItems (ServingCount, MealType, MealID, Ing_Name, Food_Name) values (8, 'Snack', 44, 'Strawberries', 'Strawberry yogurt');
insert into FoodItems (ServingCount, MealType, MealID, Ing_Name, Food_Name) values (4, 'Breakfast', 45, 'Biscuits', 'Biscuits and gravy');
insert into FoodItems (ServingCount, MealType, MealID, Ing_Name, Food_Name) values (7, 'Lunch', 46, 'Turkey', 'Turkey wrap');
insert into FoodItems (ServingCount, MealType, MealID, Ing_Name, Food_Name) values (1, 'Dinner', 47, 'Steak', 'Grilled steak');
insert into FoodItems (ServingCount, MealType, MealID, Ing_Name, Food_Name) values (5, 'Dessert', 48, 'Apple', 'Apple pie');
insert into FoodItems (ServingCount, MealType, MealID, Ing_Name, Food_Name) values (9, 'Snack', 49, 'Mixed nuts', 'Trail mix');


insert into Ingredients (Veggie, Fruit, Fats, Protein, Grains, TagId, FoodItem, Ing_Name) values (0, 1, 3, 7, 5, 0, 'Eggs', 'Scrambled eggs');
insert into Ingredients (Veggie, Fruit, Fats, Protein, Grains, TagId, FoodItem, Ing_Name) values (1, 0, 8, 2, 9, 1, 'Tomato', 'Caprese salad');
insert into Ingredients (Veggie, Fruit, Fats, Protein, Grains, TagId, FoodItem, Ing_Name) values (0, 1, 6, 4, 7, 2, 'Chicken', 'Grilled chicken breast');
insert into Ingredients (Veggie, Fruit, Fats, Protein, Grains, TagId, FoodItem, Ing_Name) values (1, 0, 1, 3, 8, 3, 'Banana', 'Banana split');
insert into Ingredients (Veggie, Fruit, Fats, Protein, Grains, TagId, FoodItem, Ing_Name) values (1, 0, 9, 7, 2, 4, 'Peanut Butter', 'Peanut butter sandwich');
insert into Ingredients (Veggie, Fruit, Fats, Protein, Grains, TagId, FoodItem, Ing_Name) values (0, 1, 0, 5, 3, 5, 'Oats', 'Oatmeal');
insert into Ingredients (Veggie, Fruit, Fats, Protein, Grains, TagId, FoodItem, Ing_Name) values (1, 0, 4, 1, 6, 6, 'Lettuce', 'Chicken Caesar salad');
insert into Ingredients (Veggie, Fruit, Fats, Protein, Grains, TagId, FoodItem, Ing_Name) values (1, 0, 2, 8, 0, 7, 'Beef', 'Beef stir-fry');
insert into Ingredients (Veggie, Fruit, Fats, Protein, Grains, TagId, FoodItem, Ing_Name) values (0, 1, 7, 2, 4, 8, 'Chocolate', 'Chocolate cake');
insert into Ingredients (Veggie, Fruit, Fats, Protein, Grains, TagId, FoodItem, Ing_Name) values (1, 0, 1, 4, 5, 9, 'Almonds', 'Almond trail mix');
insert into Ingredients (Veggie, Fruit, Fats, Protein, Grains, TagId, FoodItem, Ing_Name) values (0, 1, 10, 2, 6, 10, 'Yogurt', 'Yogurt parfait');
insert into Ingredients (Veggie, Fruit, Fats, Protein, Grains, TagId, FoodItem, Ing_Name) values (1, 0, 6, 5, 3, 11, 'Avocado', 'Avocado toast');
insert into Ingredients (Veggie, Fruit, Fats, Protein, Grains, TagId, FoodItem, Ing_Name) values (0, 1, 3, 9, 8, 12, 'Salmon', 'Grilled salmon');
insert into Ingredients (Veggie, Fruit, Fats, Protein, Grains, TagId, FoodItem, Ing_Name) values (0, 1, 8, 3, 4, 13, 'Strawberries', 'Strawberry shortcake');
insert into Ingredients (Veggie, Fruit, Fats, Protein, Grains, TagId, FoodItem, Ing_Name) values (1, 0, 5, 1, 7, 14, 'Carrots', 'Carrot sticks');
insert into Ingredients (Veggie, Fruit, Fats, Protein, Grains, TagId, FoodItem, Ing_Name) values (0, 1, 2, 4, 6, 15, 'Bacon', 'Bacon and eggs');
insert into Ingredients (Veggie, Fruit, Fats, Protein, Grains, TagId, FoodItem, Ing_Name) values (0, 1, 7, 7, 5, 16, 'Turkey', 'Turkey sandwich');
insert into Ingredients (Veggie, Fruit, Fats, Protein, Grains, TagId, FoodItem, Ing_Name) values (1, 0, 3, 3, 9, 17, 'Pasta', 'Spaghetti carbonara');
insert into Ingredients (Veggie, Fruit, Fats, Protein, Grains, TagId, FoodItem, Ing_Name) values (0, 1, 6, 8, 2, 18, 'Vanilla', 'Vanilla ice cream');
insert into Ingredients (Veggie, Fruit, Fats, Protein, Grains, TagId, FoodItem, Ing_Name) values (1, 0, 1, 4, 4, 19, 'Apple', 'Apple slices');
insert into Ingredients (Veggie, Fruit, Fats, Protein, Grains, TagId, FoodItem, Ing_Name) values (0, 1, 8, 6, 6, 20, 'Cereal', 'Cereal with milk');
insert into Ingredients (Veggie, Fruit, Fats, Protein, Grains, TagId, FoodItem, Ing_Name) values (1, 0, 10, 2, 6, 21, 'Spinach', 'Spinach salad');
insert into Ingredients (Veggie, Fruit, Fats, Protein, Grains, TagId, FoodItem, Ing_Name) values (0, 1, 3, 9, 8, 22, 'Rice', 'Fried rice');
insert into Ingredients (Veggie, Fruit, Fats, Protein, Grains, TagId, FoodItem, Ing_Name) values (1, 0, 8, 3, 4, 23, 'Caramel', 'Caramel popcorn');
insert into Ingredients (Veggie, Fruit, Fats, Protein, Grains, TagId, FoodItem, Ing_Name) values (0, 1, 1, 4, 4, 24, 'Grapes', 'Grape bunch');
insert into Ingredients (Veggie, Fruit, Fats, Protein, Grains, TagId, FoodItem, Ing_Name) values (1, 0, 9, 7, 2, 25, 'Bagel', 'Bagel with cream cheese');
insert into Ingredients (Veggie, Fruit, Fats, Protein, Grains, TagId, FoodItem, Ing_Name) values (0, 1, 7, 2, 4, 26, 'Ham', 'Ham and cheese sandwich');
insert into Ingredients (Veggie, Fruit, Fats, Protein, Grains, TagId, FoodItem, Ing_Name) values (0, 1, 4, 7, 7, 27, 'Pizza dough', 'Homemade pizza');
insert into Ingredients (Veggie, Fruit, Fats, Protein, Grains, TagId, FoodItem, Ing_Name) values (1, 0, 8, 2, 9, 28, 'Lemon', 'Lemon sorbet');
insert into Ingredients (Veggie, Fruit, Fats, Protein, Grains, TagId, FoodItem, Ing_Name) values (0, 1, 6, 4, 7, 29, 'Celery', 'Celery sticks');
insert into Ingredients (Veggie, Fruit, Fats, Protein, Grains, TagId, FoodItem, Ing_Name) values (0, 1, 3, 9, 8, 30, 'Pancake mix', 'Pancakes');
insert into Ingredients (Veggie, Fruit, Fats, Protein, Grains, TagId, FoodItem, Ing_Name) values (1, 0, 1, 3, 8, 31, 'Tuna salad', 'Tuna');
insert into Ingredients (Veggie, Fruit, Fats, Protein, Grains, TagId, FoodItem, Ing_Name) values (1, 0, 4, 1, 6, 32, 'Grilled shrimp', 'Shrimp');
insert into Ingredients (Veggie, Fruit, Fats, Protein, Grains, TagId, FoodItem, Ing_Name) values (0, 1, 7, 2, 4, 33, 'Oreo milkshake', 'Oreo cookies');
insert into Ingredients (Veggie, Fruit, Fats, Protein, Grains, TagId, FoodItem, Ing_Name) values (1, 0, 8, 3, 4, 34, 'Blueberry muffin', 'Blueberries');
insert into Ingredients (Veggie, Fruit, Fats, Protein, Grains, TagId, FoodItem, Ing_Name) values (0, 1, 1, 4, 5, 35, 'Butter croissant', 'Croissant');
insert into Ingredients (Veggie, Fruit, Fats, Protein, Grains, TagId, FoodItem, Ing_Name) values (1, 0, 9, 7, 2, 36, 'Cucumber sandwich', 'Cucumber');
insert into Ingredients (Veggie, Fruit, Fats, Protein, Grains, TagId, FoodItem, Ing_Name) values (0, 1, 2, 4, 6, 37, 'Mashed potatoes', 'Potato');
insert into Ingredients (Veggie, Fruit, Fats, Protein, Grains, TagId, FoodItem, Ing_Name) values (1, 0, 7, 7, 5, 38, 'Peach cobbler', 'Peach');
insert into Ingredients (Veggie, Fruit, Fats, Protein, Grains, TagId, FoodItem, Ing_Name) values (0, 1, 1, 4, 4, 39, 'Orange slices', 'Orange');
insert into Ingredients (Veggie, Fruit, Fats, Protein, Grains, TagId, FoodItem, Ing_Name) values (1, 0, 9, 7, 2, 40, 'French toast', 'Baguette');
insert into Ingredients (Veggie, Fruit, Fats, Protein, Grains, TagId, FoodItem, Ing_Name) values (0, 1, 3, 7, 5, 41, 'Broccoli soup', 'Broccoli');
insert into Ingredients (Veggie, Fruit, Fats, Protein, Grains, TagId, FoodItem, Ing_Name) values (1, 0, 8, 2, 9, 42, 'Roasted lamb chops', 'Lamb');
insert into Ingredients (Veggie, Fruit, Fats, Protein, Grains, TagId, FoodItem, Ing_Name) values (0, 1, 6, 4, 7, 43, 'Chocolate chip cookies', 'Chocolate chips');
insert into Ingredients (Veggie, Fruit, Fats, Protein, Grains, TagId, FoodItem, Ing_Name) values (1, 0, 1, 3, 8, 44, 'Strawberry yogurt', 'Strawberries');
insert into Ingredients (Veggie, Fruit, Fats, Protein, Grains, TagId, FoodItem, Ing_Name) values (1, 0, 9, 7, 2, 45, 'Biscuits and gravy', 'Biscuits');
insert into Ingredients (Veggie, Fruit, Fats, Protein, Grains, TagId, FoodItem, Ing_Name) values (0, 1, 0, 5, 3, 46, 'Turkey wrap', 'Turkey');
insert into Ingredients (Veggie, Fruit, Fats, Protein, Grains, TagId, FoodItem, Ing_Name) values (1, 0, 4, 1, 6, 47, 'Grilled steak', 'Steak');
insert into Ingredients (Veggie, Fruit, Fats, Protein, Grains, TagId, FoodItem, Ing_Name) values (1, 0, 2, 8, 0, 48, 'Apple pie', 'Apple');
insert into Ingredients (Veggie, Fruit, Fats, Protein, Grains, TagId, FoodItem, Ing_Name) values (0, 1, 7, 2, 4, 49, 'Trail mix', 'Mixed nuts');